{
  "formatVersion": 1,
  "database": {
    "version": 1,
    "identityHash": "04f37b340b3a33b255bb90676f5c5d99",
    "entities": [
      {
        "tableName": "filmes",
        "createSql": "CREATE TABLE IF NOT EXISTS `${TABLE_NAME}` (`id` INTEGER PRIMARY KEY AUTOINCREMENT NOT NULL, `titulo` TEXT NOT NULL, `diretor` TEXT NOT NULL, `ano` INTEGER NOT NULL, `genero` TEXT NOT NULL)",
        "fields": [
          {
            "fieldPath": "id",
            "columnName": "id",
            "affinity": "INTEGER",
            "notNull": true
          },
          {
            "fieldPath": "titulo",
            "columnName": "titulo",
            "affinity": "TEXT",
            "notNull": true
          },
          {
            "fieldPath": "diretor",
            "columnName": "diretor",
            "affinity": "TEXT",
            "notNull": true
          },
          {
            "fieldPath": "ano",
            "columnName": "ano",
            "affinity": "INTEGER",
            "notNull": true
          },
          {
            "fieldPath": "genero",
            "columnName": "genero",
            "affinity": "TEXT",
            "notNull": true
          }
        ],
        "primaryKey": {
          "autoGenerate": true,
          "columnNames": [
            "id"
          ]
        },
        "indices": [],
        "foreignKeys": []
      }
    ],
    "views": [],
    "setupQueries": [
      "CREATE TABLE IF NOT EXISTS room_master_table (id INTEGER PRIMARY KEY,identity_hash TEXT)",
      "INSERT OR REPLACE INTO room_master_table (id,identity_hash) VALUES(42, '04f37b340b3a33b255bb90676f5c5d99')"
    ]
  }
}